condition,n,mean,ci_low,ci_high,score_mean,score_ci_low,score_ci_high,params,mod_mean,mod_ci_low,mod_ci_high,ref_chrf,ref_chrf_ci_low,ref_chrf_ci_high,ref_bleu
teacher,100,0.93,0.88,0.98,0.9249297392368316,0.8761247368305922,0.9700593409091234,N/A,,,,20.885968232168125,19.011851134616165,22.970431725667616,0.5099160746251464
full,100,0.96,0.92,1.0,0.9595873898267746,0.9213755860030651,0.9898602412492037,100%,0.641739040365268,0.6175174124172874,0.6665908799810196,20.67309654919511,18.74885589506299,22.693477180539798,0.5142863398336697
lora,100,0.97,0.93,1.0,0.9656413692235947,0.9291538572907448,0.9947493409961462,~1.5% (r=32),0.6518449437949779,0.6265796167592493,0.6765213268532557,19.45549636317701,17.463586924065467,21.40346310122431,0.45563010213589383
lora_r16,100,0.9,0.84,0.96,0.9009319853782654,0.8382941026985645,0.9541103127151728,~0.8% (r=16),0.6429610986524062,0.6193245248833479,0.6662513788616872,25.19464714547235,22.89657010839322,27.787676468730123,0.47285153589087003
lora_r8,100,0.85,0.78,0.92,0.8548048150539398,0.7890081911087037,0.9196444115787744,~0.4% (r=8),0.6371116242450686,0.6130086512506734,0.6605472603819567,25.399391852895302,23.184979944947536,27.670082259541267,0.4785739355154169
lora_r1_kv,100,0.45,0.35,0.55,0.45248400926589966,0.3610976840853691,0.5430181645601988,"147,456 (r=1, k/v only)",0.5640869505512441,0.5382391886158754,0.5889060542813707,29.1550551553802,26.455280878310674,32.02930884385678,0.5712450758513858
qlora,100,0.91,0.85,0.96,0.9119861203432084,0.8565833182781935,0.9626787202507258,"~1.5% (r=32, 4-bit)",0.6420476672285216,0.6152406668738897,0.6711831613192903,19.540249545520776,17.40201864295824,21.511200795348074,0.5222444107175818
adapter,100,0.15,0.09,0.22,0.15552706003189087,0.09131363666057586,0.2254397441148758,~0.03%,0.4043652675116966,0.37920819086433455,0.42783591257540066,16.630936147104514,15.600710292745198,17.79585300771562,0.44047223264395335
adapter_lr3e-03,100,0.9,0.84,0.96,0.9034124100208283,0.8452991299480199,0.9551996296197176,~0.03% (lr 3e-3),0.6432331249141481,0.6179985432312436,0.6657772642523142,26.10795146935296,24.143657281453798,28.28358015600181,0.4815365267510598
baseline_zeroshot,100,0.13,0.07,0.19024999999999978,0.13136953055858613,0.07115369908511639,0.20086732937395574,0%,0.38499479106719875,0.36372881980109384,0.408201131724022,16.4969538591043,15.344900442560785,17.733274037952214,0.4242079024881855
